Restaurant Name,Rating,Reviews,Cuisine,Address,City,Restaurant URL,Image URL
Mirosa Cafe & Kitchen,4.3,3122.0,"Pizza, Burger, Fast Food","3-6-236/2, 3-6-236/2/A, Road 15, AP State Housing Board, Himayath Nagar, Hyderabad",hyderabad,/hyderabad/mirosa-cafe-kitchen-1-himayath-nagar/info,https://b.zmtcdn.com/data/pictures/5/20644895/2b8b801ff966cc12f7f57475a14065a0_featured_v2.jpg
Masala Republic By Dadu's,4.3,3028.0,"Asian, Continental, North Indian","3-6-14/3-5, Himayat Nagar Road, Chandra Nagar Basheer Bagh Hyderabad, Basheer Bagh, Hyderabad",hyderabad,/hyderabad/masala-republic-by-dadus-basheer-bagh/info,https://b.zmtcdn.com/data/pictures/5/19137785/07cc555e09a96f9e4db509978e124cd6_featured_v2.jpg
Gipis Pizza House,4.3,259.0,"Cafe, Pizza, Beverages","3-6-156/A, Shop 1, Urdu Gali, Circle 17, Himayath Nagar, Hyderabad",hyderabad,/hyderabad/gipis-pizza-house-himayath-nagar/info,https://b.zmtcdn.com/data/pictures/3/22566903/f566774e35092a209cc370fa14e71f44_o2_featured_v2.jpg
Pista House,4.3,23.0,"Biryani, North Indian, Chinese","16-11-729, Gaddiannaram, Dilsukhnagar, Hyderabad",hyderabad,/hyderabad/pista-house-dilsukhnagar/info,https://b.zmtcdn.com/data/pictures/chains/9/91999/1ea8ad15683d870685896e04bbf5b504_featured_v2.jpg
Accha Telugu Kitchen & Bar,4.3,1348.0,"South Indian, Fast Food","Hussain Sagar, Opposite Lake Police Station, PV Narasimha Rao Marg, Somajiguda, Hyderabad",hyderabad,/hyderabad/accha-telugu-kitchen-bar-somajiguda/info,https://b.zmtcdn.com/images/res_avatar_476_320_1x_new.png
Parampara - Flavours Of India,4.1,3669.0,"North Indian, South Indian, Chinese","6-3-249/5/1/103 & 104, 1st Floor, ANR Centre, Road 1, Banjara Hills, Hyderabad",hyderabad,/hyderabad/parampara-flavours-of-india-banjara-hills/info,https://b.zmtcdn.com/data/pictures/7/19538187/fab53c9564e27bf222294e566e5b4ce4_o2_featured_v2.jpg
Qaffeine Bistro,4.4,250.0,"Continental, Cafe, Pizza","8-2-208/19, Road 10, Banjara Hills, Hyderabad",hyderabad,/hyderabad/qaffeine-bistro-1-banjara-hills/info,https://b.zmtcdn.com/data/pictures/5/22629775/9c04b3af1a23831fc5c1e5b313da34ab_o2_featured_v2.jpg
Krishnapatnam,4.2,3625.0,South Indian,"11-9-7/4, SR Apartment, Prabhat Nagar, Laxmi Nagar Colony, Kothapet, Hyderabad",hyderabad,/hyderabad/krishnapatnam-kothapet/info,https://b.zmtcdn.com/data/pictures/9/21881299/cc7f6cc8f3b734cfb14176e6c8c15ec0_featured_v2.jpg
Hummus House,4.7,1734.0,"Mediterranean, Lebanese, Asian","2-674/B/3/2A, House 8, Sri Ram Nagar Colony, Road 12, Banjara Hills, Hyderabad",hyderabad,/hyderabad/hummus-house-banjara-hills/info,https://b.zmtcdn.com/data/pictures/6/20703026/07a658a920b6ca4d46b97c14ead67c27_featured_v2.jpg
The Market - Ritz Carlton,4.3,1491.0,"North Indian, European, Asian","99, Shanthala Nagar, Ashok Nagar, Residency Road, Bangalore",bangalore,/bangalore/the-market-ritz-carlton-residency-road-bangalore/info,https://b.zmtcdn.com/data/pictures/9/55879/58f7b942be3058c46da1beb3b791aba7_featured_v2.jpg
Shiro,4.3,5413.0,"Japanese, Sushi, Asian","2nd Floor, UB City Mall, Vittal Mallya Road, Near Lavelle Road, Bangalore",bangalore,/bangalore/shiro-lavelle-road/info,https://b.zmtcdn.com/data/pictures/0/50890/031684e4deaead86cb1487bd1f698959_featured_v2.jpg
Kling Brewery,4.2,2464.0,"Continental, European, Asian","27, Ground Floor, Sattva Auro, Shanthala Nagar, Ashok Nagar, Church Street, Bangalore",bangalore,/bangalore/kling-brewery-church-street-bangalore/info,https://b.zmtcdn.com/data/pictures/9/20996449/e4fc1b101c821d29b0eca3271398a509_featured_v2.jpg
Cha Hong Kong Eating House,4.4,1450.0,"Chinese, Desserts, Momos","76-20-50, First Floor, Unit Number F3, F4, F5 and F6, Sobha, Church Street, Bangalore",bangalore,/bangalore/cha-hong-kong-eating-house-church-street-bangalore/info,https://b.zmtcdn.com/data/pictures/3/22243603/35f52ffd753dec3daf66e06b5f815f7c_o2_featured_v2.jpg
Ishaara,4.3,1775.0,"Biryani, Seafood, Mughlai","Units F3, F4, F5 and F6, 1 Sobha, BBMP 50, Residency Road, Bangalore",bangalore,/bangalore/ishaara-residency-road-bangalore/info,https://b.zmtcdn.com/data/pictures/6/22243456/f024eb058c7c164ff81ac1e8410ca08b_o2_featured_v2.jpg
Scottish Pub,4.0,1802.0,"Asian, Chinese, Burger","17/21, Vasavi Complex, opposite to State Bank of India, Shanthala Nagar, Ashok Nagar, St. Marks Road, Bangalore",bangalore,/bangalore/scottish-pub-st-marks-road/info,https://b.zmtcdn.com/data/pictures/7/50877/67b31049ff23728c5e2d154d2333abe6_featured_v2.jpg
Muro,4.4,3215.0,"Thai, Cantonese, Salad","5, Museum Road, Shanthala Nagar, Ashok Nagar, Church Street, Bangalore",bangalore,/bangalore/muro-church-street-bangalore/info,https://b.zmtcdn.com/data/pictures/8/20930988/2a064933f8bdd261df8050594ab51c8b_featured_v2.jpg
Over Coffee Cafe & Wine Bar,4.0,1881.0,"European, Italian, Continental","41, Ground Floor, Cristu Complex, Ashok Nagar, Lavelle Road, Bangalore",bangalore,/bangalore/over-coffee-cafe-wine-bar-lavelle-road-bangalore/info,https://b.zmtcdn.com/data/pictures/1/20626791/7bafabdfd670d85e5bd4e8e96a2b3972_featured_v2.jpg
JW Kitchen - JW Marriott Bengaluru,4.2,4238.0,"North Indian, Continental, Mughlai","JW Marriott, 24/1, Vittal Mallya Road, UB City, Near Lavelle Road, Bangalore",bangalore,/bangalore/jw-kitchen-jw-marriott-bengaluru-lavelle-road/info,https://b.zmtcdn.com/data/pictures/7/55907/4e1cbc184f6686919a4597a1f77ba2fb_featured_v2.jpg
Mutuswami,4.1,4727.0,"South Indian, Sandwich, Pizza","Plot 03, Dadar East, Mumbai",mumbai,/mumbai/mutuswami-dadar-east/info,https://b.zmtcdn.com/data/pictures/3/19936483/107bf2fa976aeac601dd74ac1499d25f_featured_v2.jpg
ilili,4.5,2999.0,"Middle Eastern, Continental, Italian","8th Floor, Dadar East, Mumbai",mumbai,/mumbai/ilili-dadar-east/info,https://b.zmtcdn.com/data/pictures/8/21195108/b221fc22333a78290d247413b0969e91_featured_v2.jpg
Fish Curry Rice,4.4,1977.0,"Maharashtrian, Goan, Seafood","Shop 3, Fist Floor, Kohinoor Square, NC Kelkar Marg, Dadar Shivaji Park, Mumbai",mumbai,/mumbai/fish-curry-rice-dadar-shivaji-park/info,https://b.zmtcdn.com/data/pictures/chains/3/19988483/19cc5a016bba7f9bf8e5fa55e32db908_featured_v2.jpg
Poie & Pao,4.4,4049.0,"Street Food, Goan","Shop 1, Mili Building, Ward G/N, T.H. Kataria Road, Matunga West, Mumbai",mumbai,/mumbai/poie-pao-matunga-west/info,https://b.zmtcdn.com/data/pictures/8/20558128/c051caf4a4d85bfbe67ca930a5a94365_o2_featured_v2.jpg
Mogo,4.2,930.0,"Korean, Asian, Coffee","96, Jahangir Baug, Swatantryaveer Savarkar Road, Mahim, Mumbai",mumbai,/mumbai/mogo-mahim/info,https://b.zmtcdn.com/data/pictures/2/21548972/f3c04d7ce174ebc7154817739bf1a87e_featured_v2.jpg
Harajuku Tokyo Cafe,4.2,2159.0,"Seafood, Beverages, Asian","2nd Floor, Bandra Kurla Complex, Jio World Drive, Bandra East, Mumbai",mumbai,/mumbai/harajuku-tokyo-cafe-bandra-east/info,https://b.zmtcdn.com/data/pictures/1/22234881/a247508cf15f8a1cbb9c2ee245bf53ec_featured_v2.jpg
Brunch & Cake,4.3,725.0,"Desserts, Mediterranean, Bakery","G-04, Ground Floor, Raheja Altimus, Pandurang Budhkar Marg, Worli, Mumbai",mumbai,/mumbai/brunch-cake-worli/info,https://b.zmtcdn.com/data/pictures/2/21376072/a699c3592cb9b71f7a5434e471ce2a9f_featured_v2.jpg
Demy,4.0,5008.0,"North Indian, Pizza, Asian","Ground Floor, Trade Centre, Kamala Mills Compound, A Wing, Lower Parel, Mumbai",mumbai,/mumbai/demy-lower-parel/info,https://b.zmtcdn.com/data/pictures/4/20477454/d6ee161b042787e2809726a59c2e0e0a_featured_v2.jpg
Epitome - Global Dining & Bar,4.1,1564.0,"Italian, North Indian, Asian","Mathuradas Mill Compound, N.M. Joshi Marg, Lower Parel, Mumbai",mumbai,/mumbai/epitome-global-dining-bar-lower-parel/info,https://b.zmtcdn.com/data/pictures/6/19363966/c84746a3a988f1b07a958b84e81069ac_featured_v2.jpg
As Is Cafe,3.9,8.0,"Cafe, Beverages, Coffee","6, 74, Ritherdon Road, Vepery, Chennai",chennai,/chennai/as-is-cafe-vepery/info,https://b.zmtcdn.com/data/pictures/9/22703789/ff2a3d48-ff2d-41f4-94d1-0577acdaaf91_o2_featured_v2.jpg
Message In A Bottle,4.2,1657.0,"Bar Food, North Indian, Chinese","3, Ansari Estate, Gandhi Irwin Road, Egmore, Chennai",chennai,/chennai/message-in-a-bottle-egmore/info,https://b.zmtcdn.com/data/pictures/7/19522797/112da465b082c9785455aef12fe4631b_featured_v2.jpg
Waves Bar & Lounge,4.3,467.0,"Finger Food, North Indian, Continental","Hotel Ramada, Ansari Estate, Egmore, Chennai",chennai,/chennai/waves-bar-lounge-egmore/info,https://b.zmtcdn.com/data/pictures/8/67458/cc5631668049890863c706f6d780f3f8_o2_featured_v2.jpg
Symphony,4.2,2841.0,"Biryani, North Indian, Continental","2A, Ponniamman Koil St, Ansari Estate, Ramada By Wyndham, Egmore, Chennai",chennai,/chennai/symphony-egmore/info,https://b.zmtcdn.com/data/pictures/chains/6/67366/b0cd10550689268154e828dd95e75713_featured_v2.jpg
Enoki,4.5,2368.0,"Sushi, Japanese, Asian","3, Gandhi-Irwin Road, Near CMDA Buildings, Egmore, Chennai",chennai,/chennai/enoki-egmore/info,https://b.zmtcdn.com/data/pictures/3/20936373/a88aaf387a1422db6a2aee91384d30ac_featured_v2.jpg
Babal Da Punjabi Dabha,4.4,36.0,"North Indian, Oriental, Biryani","114/9, Poonamallee High Road, Egmore, Chennai",chennai,/chennai/babal-da-punjabi-dabha-egmore/info,https://b.zmtcdn.com/data/pictures/chains/3/66963/a016e5dbcffd59653fff88bd5124fa93_featured_v2.jpg
Champions Bar,4.4,3345.0,Finger Food,"Hotel Marina Inn, 55/31, Gandhi Irwin Road, Egmore, Chennai",chennai,/chennai/champions-bar-egmore/info,https://b.zmtcdn.com/images/res_avatar_476_320_1x_new.png
Truly Herbivore,4.3,192.0,"North Indian, South Indian, Italian","70-8, David Puram, Harleys Road, Kilpauk, Chennai",chennai,/chennai/truly-herbivore-kilpauk/info,https://b.zmtcdn.com/data/pictures/4/21675684/7cc482800887a173897f8bbdc5640e69_featured_v2.jpg
YouMee,4.4,3095.0,"Chinese, Asian","S-310, S-311, S-312A, 49/50L, Third Floor, Express Avenue, White Roads, Royapettah, Chennai",chennai,/chennai/youmee-5-royapettah/info,https://b.zmtcdn.com/data/pictures/chains/1/21780631/b6fd131cec4f16e3228582a7a6bb2cad_featured_v2.jpg
AMPM Coffee and Cocktail bar,4.1,78.0,"Italian, Asian","5th Floor, Park Center Building, 24, Park St, Park Street area, Kolkata, West Bengal, Park Street Area, Kolkata",kolkata,/kolkata/ampm-coffee-and-cocktail-bar-park-street-area/info,https://b.zmtcdn.com/data/pictures/3/21469973/74e1c3777fd237c8b736c2079a4689a5_featured_v2.jpg
Cafe Bloom,4.3,374.0,"Cafe, Coffee, Continental","16, 5th Floor, Prasad Group, Sudder Street, Fire Brigade Headquarters, New Market Area, Dharmatala, Taltala, Kolkata",kolkata,/kolkata/cafe-bloom-taltala/info,https://b.zmtcdn.com/data/pictures/3/21249933/33a9ce26cdd21ad5d977cfda8c597c11_featured_v2.jpg
The Bridge Bistro Bar Polo Floatel,4.0,2110.0,"North Indian, Asian, Oriental","9/10, Calcutta Jetty, Strand Road, Ward-45, Dalhousie BBD Bagh, Kolkata",kolkata,/kolkata/the-bridge-bistro-bar-polo-floatel-dalhousie-bbd-bagh/info,https://b.zmtcdn.com/data/pictures/1/20841/86179b7c26c62a591d0dad4175ef1f72_featured_v2.jpg
Kulture - Speciality Coffee,4.6,230.0,"Continental, Italian, Pizza","Gate 1, 3rd Floor, Chowringhee Mansion, Park Street Area, Kolkata",kolkata,/kolkata/kulture-speciality-coffee-park-street-area/info,https://b.zmtcdn.com/data/pictures/2/21860152/03666393d057e922c374bef16563cb2e_featured_v2.jpg
Fabbrica Originale,4.4,5752.0,"Italian, Pizza, Pasta","Ground Floor, 18A, Park St, Park Street Area, Kolkata",kolkata,/kolkata/fabbrica-originale-1-park-street-area/info,https://b.zmtcdn.com/data/pictures/8/18420478/bcc21fd9aa6d25ada0c5244e17a82f0a_featured_v2.jpg
Cafe Florista,3.6,1209.0,"Fast Food, Sandwich, Burger","4, Royd Street Area, Opposite Royd Nursing Home, Park Street Area, Kolkata",kolkata,/kolkata/cafe-florista-1-park-street-area/info,https://b.zmtcdn.com/data/pictures/8/21488118/3f366567c585a97f79c9975568c4e616_featured_v2.jpg
Lmnoq,3.8,1410.0,"Continental, Italian, North Indian","24, Park Street Area, Kolkata",kolkata,/kolkata/lmnoq-park-street-area/info,https://b.zmtcdn.com/images/res_avatar_476_320_1x_new.png
Lucky Tigerr,4.3,680.0,"Asian, Chinese","57A, Flat-9, 2nd Floor, Block-2, Premises-1, Near Park Mansion, Park Street Area, Kolkata",kolkata,/kolkata/lucky-tigerr-1-park-street-area/info,https://b.zmtcdn.com/data/pictures/3/21782103/abd5819dfe6c236b0c5cd0cb1ef968bd_featured_v2.jpg
Carpe Diem,3.9,11.0,"Chinese, North Indian, Continental","18M, Park Street Area, Kolkata",kolkata,/kolkata/carpe-diem-2-park-street-area/info,https://b.zmtcdn.com/data/pictures/9/18634729/d7484d3af829e2cc2044675602153f17_featured_v2.jpg
Persian Darbar,4.3,19.0,"North Indian, Mughlai, Kebab","Upper Ground Floor, Renaissance Business Wellesley Road, Camp Area, Pune",pune,/pune/persian-darbar-camp-area/info,https://b.zmtcdn.com/data/pictures/2/20516112/e9efe25e5efc6bd2fb2db6a3151ef1f5_featured_v2.jpg
Bira 91 Taproom,4.2,357.0,"Italian, North Indian, Modern Indian","Unit No 10, Sai Radhe Road And Station Road, Near Sheraton Grand Pune Bund Garden Hotel, Sangamvadi, Dhole Patil Road, Pune",pune,/pune/bira-91-taproom-dhole-patil-road/info,https://b.zmtcdn.com/images/res_avatar_476_320_1x_new.png
Barrels - The Craft House,4.5,613.0,"Bar Food, Italian, Continental","Unit 4 & 5, RajaBahadur Mills, Bundgarden Road, Sangamvadi, Pune",pune,/pune/barrels-the-craft-house-sangamvadi/info,https://b.zmtcdn.com/data/pictures/5/22311815/9332c08b8761151ce3523be86a5e30ae_featured_v2.jpg
Chingari - Sheraton Grand,4.1,1714.0,"North Indian, Mughlai, Kebab","100/101, Sheraton Grand, Raja Bahadur Mill Road, Bund Garden Road, Pune",pune,/pune/chingari-sheraton-grand-bund-garden/info,https://b.zmtcdn.com/data/pictures/2/11022/523b2fa1e3f238c7ec242ecceb568053_featured_v2.jpg
Yakii,4.3,2802.0,"Chinese, Japanese, Asian","1251/1/2, Shivaji Nagar, Deccan Gymkhana, Pune",pune,/pune/yakii-deccan-gymkhana/info,https://b.zmtcdn.com/data/pictures/6/20832356/68c60445b96ed92bda2aa8d35fe8bc3c_featured_v2.jpg
Epitome,4.3,1022.0,"North Indian, Sushi, Asian","1st Floor, Plot 100/101/1, Commercial Tower 1, The Raja Bahadur Motilal Mill Compound, Bund Garden Road, Pune",pune,/pune/epitome-bund-garden/info,https://b.zmtcdn.com/data/pictures/8/21421758/c9c2e303e2be666d499ee39033405837_featured_v2.jpg
Cafe Kathaa,4.3,3025.0,"Cafe, Continental, Desserts","British Library Old Building, Ganeshwadi, FC Road, Pune",pune,/pune/cafe-kathaa-fc-road/info,https://b.zmtcdn.com/data/pictures/8/18753258/404bd33071fbdd928fd0fa501bd43a46_featured_v2.jpg
Feast - Sheraton Grand,4.4,2020.0,"Chinese, North Indian, Mughlai","100/101, Sheraton Grand, Raja Bahadur Mill Road, Bund Garden Road, Pune",pune,/pune/feast-sheraton-grand-bund-garden/info,https://b.zmtcdn.com/data/pictures/6/6505646/57ab78ef95f74452fbf068b80095a4ca_featured_v2.jpg
2BHK Diner & Key Club,4.1,4499.0,"North Indian, Mediterranean, European","Unit 7, Raja Bahadur International Mills Limited, Pune Station, Near Sheraton Grand, Bund Garden Road, Pune",pune,/pune/2bhk-diner-key-club-bund-garden/info,https://b.zmtcdn.com/data/pictures/0/18884150/85a7c44f610416452fff747c248255d1_featured_v2.jpg
Unlocked,4.3,5088.0,"Cafe, Fast Food, North Indian","Dwarkesh Complex, Vasant Vihar, Navrangpura, Ahmedabad",ahmedabad,/ahmedabad/unlocked-navrangpura/info,https://b.zmtcdn.com/data/pictures/chains/5/18454925/90e72dc8415904eea8cd5d91157820c3_featured_v2.jpg
Nook By Grace Coffee Co.,4.4,1960.0,"Coffee, Continental, Italian","B/6/1, Nilamber Complex, St. Xavier's College Corner, Navrangpura, Ahmedabad",ahmedabad,/ahmedabad/nook-by-grace-coffee-co-navrangpura/info,https://b.zmtcdn.com/data/pictures/7/21169937/b67697f3e72cf2f937dfd731e69578fb_featured_v2.jpg
Crush Coffee,4.2,498.0,"Coffee, Healthy Food, Pizza","2, Centaur House, 40 Umashankar Joshi Marg, C G Road, Ahmedabad",ahmedabad,/ahmedabad/crush-coffee-c-g-road/info,https://b.zmtcdn.com/data/pictures/4/22320374/4c420a11c4aeb6035f012407dfc5fbdd_featured_v2.jpg
Cafe 1st Story - Fairfield By Marriott,4.0,2368.0,"Biryani, Chinese, Desserts","174-175, Laxmi Niwas Bunglows, Satyawadi Society, Ashram Road, Ahmedabad",ahmedabad,/ahmedabad/cafe-1st-story-fairfield-by-marriott-ashram-road/info,https://b.zmtcdn.com/data/pictures/6/111906/ee34258c992b753d6e1a9e6458161df3_featured_v2.jpg
Peppers By Pepparazzi,4.3,1965.0,"North Indian, Continental, Japanese","101/102, 1st Floor, Majestic Plaza, C G Road, Ahmedabad",ahmedabad,/ahmedabad/peppers-by-pepparazzi-c-g-road/info,https://b.zmtcdn.com/data/pictures/3/21046093/c169548ecd516edd540e0da1a42d735c_o2_featured_v2.jpg
Leafy Lion,4.1,385.0,"Cafe, Coffee, Italian","Shop 5, Ground Floor, Krupa Aspire, HL Collage Road, Navrangpura, Ahmedabad",ahmedabad,/ahmedabad/leafy-lion-navrangpura/info,https://b.zmtcdn.com/data/pictures/1/21438241/0e37d4af5d68cf90f54cb8d8997c9bd9_o2_featured_v2.jpg
Niro By Nini's,4.3,3051.0,"Cafe, Coffee, Sandwich","Ground Floor, A Wing, Heritage Square, Opposite Atlanta Tower, Gulbai Tekra, Ahmedabad",ahmedabad,/ahmedabad/niro-by-ninis-gulbai-tekra/info,https://b.zmtcdn.com/data/pictures/3/20950663/b9c5de39e474eed7976624e2de6968cd_featured_v2.jpg
Yi Jing - ITC Narmada,4.6,167.0,"Chinese, Asian","ITC Narmada, Survey # 104 A, Judges Bunglow Rd, I I M, Vastrapur, Ahmedabad",ahmedabad,/ahmedabad/yi-jing-itc-narmada-vastrapur/info,https://b.zmtcdn.com/data/pictures/4/21091054/00a9d27a20123c1a4ab509530fcf3d29_featured_v2.jpg
Sam's Pizza,4.4,9013.0,"Pizza, Fast Food","101, 1st floor, Shivalik Plaza, Opposite Panjara Pole, Ambavadi, Ahmedabad, Ambavadi, Ahmedabad",ahmedabad,/ahmedabad/sams-pizza-1-ambavadi/info,https://b.zmtcdn.com/data/pictures/chains/7/113747/2167d85a67e8370cf574e017d83b9da9_featured_v2.jpg
The Night Jar,4.2,7670.0,Bar Food,"3rd Floor, Jayanti Market, New Colony, Panch Batti, Leisure Inn Grand Chanakya, MI Road, Jaipur",jaipur,/jaipur/the-night-jar-mi-road/info,https://b.zmtcdn.com/data/pictures/6/18748726/94aa8a55e92dd3cc815ce5de5c9127b6_featured_v2.jpg
Khoje,3.8,215.0,"North Indian, Continental, Mediterranean","Ground floor, Durga marg, Patrakar Colony, C Scheme, Ashok Nagar, Jaipur, Rajasthan 302001, Rajasthan, C Scheme, Jaipur",jaipur,/jaipur/khoje-c-scheme/info,https://b.zmtcdn.com/data/pictures/9/22683379/e7b0fdf6-f8a4-4f8a-8212-c74dedebba5c_o2_featured_v2.jpg
Retreat,4.1,4359.0,"North Indian, Chinese, Continental","8th Floor, Fortune Heights, Subhash Marg, C Scheme, Jaipur",jaipur,/jaipur/retreat-c-scheme/info,https://b.zmtcdn.com/data/pictures/8/18922348/df0ada4a97481750302e3467476a5636_featured_v2.jpg
Chawla's M.I Road (Since 1960),4.4,1214.0,"North Indian, Mughlai, Grilled Chicken","Gangwal Bhawan, Laxmi Marg, MI Road, Jaipur",jaipur,/jaipur/chawlas-m-i-road-since-1960-mi-road/info,https://b.zmtcdn.com/data/pictures/3/20977443/5eb6d74ba807f060c7b79517562f3658_featured_v2.jpg
KnightHouse,4.5,4383.0,"North Indian, Italian, Continental","Bhagwan Das Rd, Panch Batti C Scheme, Jaipur",jaipur,/jaipur/knighthouse-c-scheme/info,https://b.zmtcdn.com/data/pictures/4/21158794/843af7bef673b301fb7f71f23b7685b2_featured_v2.jpg
MIROH,4.8,707.0,"North Indian, Continental, Italian","2nd Floor, Maya Mansion, Mirza Ismail Road, Opposite GPO, Panch Batti, MI Road, Jaipur",jaipur,/jaipur/miroh-mi-road/info,https://b.zmtcdn.com/data/pictures/9/21335019/4ca4b97b1a2c06fef0d28f8b433bccd8_featured_v2.jpg
Khwaab,4.4,925.0,"North Indian, Mughlai, Continental","5th Floor, Krishna Enclave, Rambagh, Opposite SMS Stadium, Tonk Road, Bapu Nagar, Jaipur",jaipur,/jaipur/khwaab-1-bapu-nagar/info,https://b.zmtcdn.com/data/pictures/2/20903192/1871b78ae764a824193d0f6b5c836cd3_featured_v2.jpg
The Swinton House,4.6,2733.0,"Continental, Italian, European","B 20, New Colony, Jayanti Market, Gopinath Marg, MI Road, Jaipur",jaipur,/jaipur/the-swinton-house-mi-road/info,https://b.zmtcdn.com/data/pictures/7/20984257/a25dc9556cda9c17df97e3a239b1bd73_featured_v2.jpg
Amano Kitchen & More,4.3,484.0,"North Indian, Pizza, Continental","4th Floor, Zo Selections, 194, Mirza Ismail Road, Opposite Akasvani, Sindhi Camp, Jaipur",jaipur,/jaipur/amano-kitchen-more-sindhi-camp/info,https://b.zmtcdn.com/data/pictures/3/22625563/d7e83360efcba73764a7a9b29d8b244d_featured_v2.jpg
Haloz - Flame Crafted Crust,3.9,218.0,"Italian, Pizza, Mexican","5, Ground Floor, Apex Tower, Habibullah Estate Road, Hazratganj, Lucknow",lucknow,/lucknow/haloz-flame-crafted-crust-hazratganj/info,https://b.zmtcdn.com/data/pictures/5/22226055/18b87509d0352c7f5e8d921446d38d28_o2_featured_v2.jpg
Fab Cafe,,,"Cafe, Coffee, Biryani","Kaiserbagh Officer's Colony, Rani Lakshmibai Marg, Hazratganj, Lucknow",lucknow,/lucknow/fab-cafe-hazratganj/info,https://b.zmtcdn.com/images/res_avatar_476_320_1x_new.png
Ginger Eats & Arts,4.6,581.0,"Continental, Italian, Chinese","A/V-114, B-12, House 525, Zone 12, Mahanagar, Lucknow",lucknow,/lucknow/ginger-eats-arts-mahanagar/info,https://b.zmtcdn.com/data/pictures/5/21308215/7b27e47916e6289df28fcd5152854021_featured_v2.jpg
Feeka Cafe,4.5,91.0,"Asian, Chinese, Italian","26/1, Wazir Hasan Road, opposite CMS School, Block I, Dalibagh Colony, Butler Colony, Sapru Marg, Lucknow",lucknow,/lucknow/feeka-cafe-sapru-marg/info,https://b.zmtcdn.com/images/res_avatar_476_320_1x_new.png
Royal Cafe - Royal Inn,4.3,14.0,"North Indian, BBQ, Mughlai","9/7, Shahnajaf Road, Opposite Sahara Ganj Mall, Sapru Marg, Lucknow",lucknow,/lucknow/royal-cafe-royal-inn-sapru-marg/info,https://b.zmtcdn.com/data/pictures/0/800120/0c85f0c7bb5c51307cf3c33de59262be_featured_v2.jpg
Hazratganj SOCIAL,4.3,4826.0,"Chinese, North Indian, Mexican","26, Near Flying Machine, MG Road, Hazratganj, Lucknow",lucknow,/lucknow/hazratganj-social-hazratganj/info,https://b.zmtcdn.com/data/pictures/7/21353607/76e944bb6d5ad46b654530f145406e4d_featured_v2.jpg
Molecule Air Bar,4.1,5726.0,"North Indian, Continental, Asian","7th Floor, Riverside Mall, Vipin Khand, Gomti Nagar, Lucknow",lucknow,/lucknow/molecule-air-bar-gomti-nagar/info,https://b.zmtcdn.com/data/pictures/2/18991962/dc73032a10305f2659203f642bd91b76_featured_v2.jpg
Delisia- A Unit Of Hotel Myriad,4.2,954.0,North Indian,"19, Vidhan Sabha Marg, Husain Ganj, Lucknow",lucknow,/lucknow/delisia-a-unit-of-hotel-myriad-husain-ganj/info,https://b.zmtcdn.com/data/pictures/5/18771995/e2e810d4fb1d2717ecaeb2ea4bbf3fd6_featured_v2.jpg
Mantar,4.2,1354.0,"North Indian, South Indian, Chinese","Ground, Ground Floor-9 Rani Laxmi Bai Marg Hazratganj Lucknow Nagar Nigam Food Safety Zone-2, Hazratganj, Lucknow",lucknow,/lucknow/mantar-hazratganj/info,https://b.zmtcdn.com/data/pictures/8/21784458/4a720d17f9df6f503901f6b2fcb9f059_o2_featured_v2.jpg
Topboy Pizza ,3.9,561.0,"Pizza, Fast Food","601 Office, OZ House, 6th Floor, Ghod Dod Road, Athwa, Surat",surat,/surat/topboy-pizza-athwa/info,https://b.zmtcdn.com/data/pictures/2/21441442/cd0ba95e9513dafea75bb2a27d81b9fb_featured_v2.jpg
Simply South By TOB,3.5,1517.0,"North Indian, Street Food, Chinese","Ground Floor, King Tower, Near Rangila Park, Ghod Dod Road, Athwa, Surat",surat,/surat/simply-south-by-tob-athwa/info,https://b.zmtcdn.com/data/pictures/9/20381779/95e0c5261e5f1a0a8c7fc290287ce71b_o2_featured_v2.jpg
THE LAST ORDER by Engine Cafe,3.9,73.0,"Cafe, Fast Food, Beverages","314, 3rd Floor, International Wealth Centre, VIP Road, Vesu, Surat",surat,/surat/the-last-order-by-engine-cafe-vesu/info,https://b.zmtcdn.com/data/pictures/8/21732708/6e66bf97a83b012474113ef764c6d1ea_o2_featured_v2.jpg
Si Nonna's - The Original Sourdough Pizza,4.2,752.0,"Pizza, Italian, Coffee","Unit G8/G9B, International Wealth Center, Near CB Patel Club House, Vesu, Surat",surat,/surat/si-nonnas-the-original-sourdough-pizza-vesu/info,https://b.zmtcdn.com/data/pictures/1/21324351/61fb66264c634279e018aba00bc8dafa_featured_v2.jpg
Nini's Kitchen,4.1,397.0,"North Indian, Desserts, Salad","Shop 301, The One Complex, Nr.Maniba Party Plot, V.I.P.Road, Surat City, Surat Municipal Corporation, Gujarat-395007, Shop No.301, The One Complex, Nr.Maniba Party Plot, V.I.P.Road, Vesu, Vesu, Surat",surat,/surat/ninis-kitchen-vesu/info,https://b.zmtcdn.com/data/pictures/2/22114742/0a6ab3c149220de8882518ba231f2e26_o2_featured_v2.jpg
Masala Canteen,4.0,5708.0,"North Indian, Chinese, Desserts","5, Ground Floor, International Business Center, Piplod, Surat",surat,/surat/masala-canteen-2-piplod/info,https://b.zmtcdn.com/data/pictures/4/18766554/ea5fc15d3bd78f47f831d9ee54101f97_featured_v2.jpg
Chente Cafe,3.9,39.0,"Fast Food, Pizza, Desserts","104, International Business Center, Piplod, Surat",surat,/surat/chente-cafe-piplod/info,https://b.zmtcdn.com/data/pictures/0/22786920/1ade0e88-34c3-4385-b436-811341b28671_o2_featured_v2.png
East Asia - Asian | Continental,4.1,1701.0,"Asian, Pizza, Pasta","G-65-66-67-68 VIP Plaza, Near Shyam Mandir, VIP Road, Bharthana, Vesu, Surat",surat,/surat/east-asia-asian-continental-vesu/info,https://b.zmtcdn.com/data/pictures/8/20510188/2c40f145fc33edcaa6db3678d7417a0e_featured_v2.jpg
Shivv Signature The Multi Cuisine Restaurant,4.0,104.0,"North Indian, Chinese, Pizza","Gaurav Path Pal, Near Baghban Circle, Pal Gam, Surat",surat,/surat/shivv-signature-the-multi-cuisine-restaurant-pal-gam/info,https://b.zmtcdn.com/data/pictures/8/22293558/f4f36f03af646e9ccd762959999761e6_o2_featured_v2.jpg
Pincode By Kunal Kapur,4.1,411.0,"North Indian, Street Food, Desserts","C 202, Apollo Niranjanpur, Sector F, High Street, Vijay Nagar, Indore",indore,/indore/pincode-by-kunal-kapur-vijay-nagar/info,https://b.zmtcdn.com/images/res_avatar_476_320_1x_new.png
Mama Mia SportsBar & Lounge ,4.3,611.0,"North Indian, Pizza, Fast Food","Plot A-2, Ug-114A-115A-116A-117-118-136 And 137 The Hub Scheme 78 Party -2, Vijay Nagar, Indore",indore,/indore/mama-mia-sportsbar-lounge-vijay-nagar/info,https://b.zmtcdn.com/data/pictures/4/21861494/c751c595e2b7de7900946aeff60962ce_featured_v2.jpg
Firangi Cafe And Bar,4.4,1885.0,"North Indian, Continental, Italian","Plot 82, Scheme 78, Near Life Care Hospital, Vijay Nagar, Indore",indore,/indore/firangi-cafe-and-bar-1-vijay-nagar/info,https://b.zmtcdn.com/data/pictures/8/20054648/918e147959f52ff8fe1b05af896b2a61_o2_featured_v2.jpg
11:11 Coffee,4.4,977.0,"Cafe, Coffee, Desserts","R-3, Ground Floor, City Centre, 570, MG Road, South Tukoganj, Indore",indore,/indore/11-11-coffee-south-tukoganj/info,https://b.zmtcdn.com/data/pictures/5/20384005/71c2edb349ee887059988f400cc5a68a_featured_v2.jpg
Thyme & Whisk,4.2,717.0,North Indian,"103, cliffton corporate, a.b. road, opp. patel motors, indore indore, indore, madhya pradesh-452010, Vijay Nagar, Indore",indore,/indore/thyme-whisk-vijay-nagar/info,https://b.zmtcdn.com/data/pictures/4/21027444/a40042788991eaaac3f4c6be61e8cfba_featured_v2.jpg
Earthbox,4.4,534.0,"Pizza, Burger","G-7, Scheme 140, Sahil Elite Building, Sector B, Opposite Passport Office, Pipliyanana, Indore",indore,/indore/earthbox-pipliyanana/info,https://b.zmtcdn.com/data/pictures/1/21241681/4506ec0b92c8cc26bbd308ff3a43e5c7_featured_v2.jpg
Junoon,4.3,355.0,"North Indian, Biryani, Desserts","1C/CA, Hotel Infiniti, Scheme No 94, Sector EB, Near Bombay Hospital, Vijay Nagar, Indore",indore,/indore/junoon-vijay-nagar/info,https://b.zmtcdn.com/data/pictures/8/21636978/12535fdbbdd29843861f4cb942b76da8_featured_v2.jpg
H3 Cafe,4.3,775.0,"Chinese, South Indian, Italian","10-11, Janak Building, Race Course Road, Near Basement Chainsing Ka Bagicha New Palasia, Indore",indore,/indore/h3-cafe-2-new-palasia/info,https://b.zmtcdn.com/data/pictures/1/22169531/f25ca615b03dd958303a1b4734306bbd_o2_featured_v2.jpg
Around The Block ,4.1,294.0,"Cafe, Coffee, Asian","20/2, Bank Of Baroda AB Road, South Tukoganj, Indore",indore,/indore/around-the-block-south-tukoganj/info,https://b.zmtcdn.com/data/pictures/8/21739898/b76826e2698e1cc67ce16bd458986917_featured_v2.jpg
Latitude Cafe And Restro,3.7,301.0,"North Indian, Chinese, Fast Food","Zone-I, Near DB City Mall, Maharana Pratap Nagar, Bhopal",bhopal,/bhopal/latitude-cafe-and-restro-2-maharana-pratap-nagar/info,https://b.zmtcdn.com/data/pictures/5/20578895/b6b820383bcf54b61c14a1073d9762d1_featured_v2.jpg
Golden Tulip,4.4,348.0,"North Indian, Mughlai, Biryani","Zone 1, Opposite RBI, Near Parmali Wallace Complex, Narmadapuram Road, Maharana Pratap Nagar, Bhopal",bhopal,/bhopal/golden-tulip-maharana-pratap-nagar/info,https://b.zmtcdn.com/data/pictures/3/20986153/379bcd1bb20a85aef2a3f9fd5dc29f91_o2_featured_v2.jpg
The Flying Saucer,4.2,1270.0,"Continental, Fast Food, Mexican","F-09 - F-12, First Floor, Bansal One Building, Zone-2, Arera Colony, Maharana Pratap Nagar, Bhopal",bhopal,/bhopal/the-flying-saucer-maharana-pratap-nagar/info,https://b.zmtcdn.com/data/pictures/chains/5/21018255/2643917bf0f45bd4c80e0bd7887d0afd_featured_v2.jpg
My Bar Headquarters,4.3,268.0,"North Indian, Biryani, Mughlai","2nd Floor, Bansal One Building, Maharana Pratap Nagar, Bhopal",bhopal,/bhopal/my-bar-headquarters-maharana-pratap-nagar/info,https://b.zmtcdn.com/data/pictures/6/21143416/c069bf65cfee97749fd67c0a4b4c17e8_featured_v2.jpg
BlinQ - Premium Sky Cafe,3.8,543.0,"Chinese, Continental, North Indian","17, E-2, Arera Colony, Bhopal",bhopal,/bhopal/blinq-premium-sky-cafe-arera-colony/info,https://b.zmtcdn.com/data/pictures/6/22086566/52c7d5da8e53fd38dca6eb3cec301628_featured_v2.jpg
Turquoise Kitchen & Cocktail House,4.7,579.0,"Continental, Italian, Asian","116-117, Bhadbhada Road, TT Nagar, Bhopal",bhopal,/bhopal/turquoise-kitchen-cocktail-house-tt-nagar/info,https://b.zmtcdn.com/data/pictures/2/21188782/3b6d84c5b9185142cdbed888cdcd6f27_featured_v2.jpg
Lune by Hotel Idyllic,4.1,76.0,"North Indian, Chinese, Kebab","C157, A To Z Service, Shahpura Road, Arera Colony, Bhopal",bhopal,/bhopal/lune-by-hotel-idyllic-arera-colony/info,https://b.zmtcdn.com/data/pictures/5/21246165/935f85a477f861abf94b1e61ca8b671b_featured_v2.jpg
Shahi Pind - The Royal Taste Of Punjab,4.3,467.0,"North Indian, Fast Food, Chinese","Khasra 150/1/1/1/2, Gram Damkheda, Ayodhya Bypass, Bhopal",bhopal,/bhopal/shahi-pind-the-royal-taste-of-punjab-ayodhya-bypass/info,https://b.zmtcdn.com/data/pictures/2/22394882/0539d95b17c0f9034028188379071584_o2_featured_v2.jpg
Boscos,4.3,1440.0,"Mediterranean, Mexican, American","OB 3/4, 4th Floor, DB Mall, Arera Hills, Maharana Pratap Nagar, Bhopal",bhopal,/bhopal/boscos-maharana-pratap-nagar/info,https://b.zmtcdn.com/data/pictures/6/20874856/3cbb54e997453c2e1e1dd62bce9526c5_featured_v2.jpg
Slaps,4.3,387.0,"Pizza, Italian, Coffee","Plot 9, First Floor, Saraf Chambers, Mount Road, Sadar, Nagpur",nagpur,/nagpur/slaps-sadar/info,https://b.zmtcdn.com/data/pictures/6/22406056/db931b59b8dfb2ad610126540f8ee1d8_o2_featured_v2.jpg
Nothing Before Coffee,4.4,4046.0,"Coffee, Shake, Tea","House 827, Plot 120, Gorepeth, Zenda Chowk, Agrasen Marg, Dharampeth, Nagpur",nagpur,/nagpur/nothing-before-coffee-1-dharampeth/info,https://b.zmtcdn.com/data/pictures/3/20626933/4254bf7d19a308ebe8d68472dcd13a9a_o2_featured_v2.jpg
Co.So Cocktails & Socials,4.4,5516.0,"International, Asian, Continental","Plot Number 8, 8th Floor, Mount Road, Near Max Showroom, Mohan Nagar, Nagpur",nagpur,/nagpur/co-so-cocktails-socials-mohan-nagar/info,https://b.zmtcdn.com/data/pictures/2/21275972/27b8633ea011e30f59536abd94a4c05d_featured_v2.jpg
ARK Indian Kitchen,4.1,196.0,"North Indian, Mughlai, Desserts","170, Gupta House, Civil Lines, Nagpur",nagpur,/nagpur/ark-indian-kitchen-civil-lines/info,https://b.zmtcdn.com/data/pictures/7/20262597/6507401c059fbed119756f7d2a70d64b_featured_v2.jpg
The Opera House,4.3,690.0,"Continental, Oriental, Thai","Regent Cinema Parking, Variety Square, Sitabuldi, Nagpur",nagpur,/nagpur/the-opera-house-sitabuldi/info,https://b.zmtcdn.com/data/pictures/7/20100317/f0850ea707e9233febcdd4cca281394b_featured_v2.jpg
ACP Express Restaurant By Airport Centre Point,4.9,716.0,"North Indian, Biryani, Continental","Girish Heights, LIC Square, Kamptee Road, Sadar, Nagpur",nagpur,/nagpur/acp-express-restaurant-by-airport-centre-point-sadar/info,https://b.zmtcdn.com/data/pictures/5/21137975/3dcc206fa724ddf495282cb0cc646668_o2_featured_v2.jpg
The Beer Cafe,4.6,4175.0,"Bar Food, Beverages","Plot 20, Gurushankar Apartment, Amravati Road, Ravi Nagar, Nagpur",nagpur,/nagpur/the-beer-cafe-ravi-nagar/info,https://b.zmtcdn.com/data/pictures/8/20750768/80eccbb3b79ff546712c1e48bebfa00b_featured_v2.jpg
Hotel President,4.3,931.0,"North Indian, Beverages","Near Modi 3, Sitabuldi, Nagpur",nagpur,/nagpur/hotel-president-1-sitabuldi/info,https://b.zmtcdn.com/data/pictures/1/3301461/63e056a196fe36a85b2419dd101ab965_featured_v2.jpg
Side Walk - Hotel Hardeo,4.4,368.0,"North Indian, Chinese, Continental","Hotel Hardeo, 2nd Floor, Sitabuldi, Nagpur",nagpur,/nagpur/side-walk-hotel-hardeo-sitabuldi/info,https://b.zmtcdn.com/data/pictures/chains/8/3300948/b9bb353baddf2c6575911ebe44700f54_featured_v2.jpg
Barkaas Indo - Arabic Restaurant,4.1,1444.0,"Shawarma, North Indian, Indo-Chinese","Door 10-1-133/1, Mehar Nagar, 60 Feet Road, Gajuwaka, Vizag",visakhapatnam,/visakhapatnam/barkaas-indo-arabic-restaurant-gajuwaka-vizag/info,https://b.zmtcdn.com/data/pictures/9/20517649/659ccad566e88057cd017733602cc5ca_o2_featured_v2.jpg
Kava - Fairfield By Marriott,4.2,1207.0,"Continental, North Indian, Oriental","Fairfield By Marriott, Visakhapatnam KSR Prime, R And B Junction, Marripalem, Vizag",visakhapatnam,/visakhapatnam/kava-fairfield-by-marriott-marripalem-vizag/info,https://b.zmtcdn.com/data/pictures/1/2801131/55db00bccff8fb4c8f8920c35d9eed19_featured_v2.jpg
Bunny's Family Restaurant,3.8,44.0,"Biryani, Chinese, Cake","31-28-1/28, First Floor, Revenue Ward 58, Near SBI, Kurmannapalem, Vizag",visakhapatnam,/visakhapatnam/bunnys-family-restaurant-kurmannapalem-vizag/info,https://b.zmtcdn.com/data/pictures/8/2800088/523de2d775741505075d4468315365ab_o2_featured_v2.jpg
L J Dadi's Grand,4.0,1778.0,"North Indian, South Indian, Andhra","Door 30-15-132/1, 2, 3, 4, 5, Trija Towers, Dabagardens, Mandal, Visakhapatnam, Seethammadhara, Vizag",visakhapatnam,/visakhapatnam/l-j-dadis-grand-seethammadhara-vizag/info,https://b.zmtcdn.com/data/pictures/8/21730068/bf6a6b365a1a45f9d11cb223011ce3d4_o2_featured_v2.jpg
Vista - The Park,4.2,1361.0,"American, North Indian, Thai","The Park, Beach Road, Near Vuda Park Light House, Jalari Peta, Chinna Waltair, Vizag",visakhapatnam,/visakhapatnam/vista-the-park-chinna-waltair-vizag/info,https://b.zmtcdn.com/data/pictures/2/2800042/2008b8ef9bd4f043f0d9a6230fee0271_featured_v2.jpg
Barbeque Nation,4.2,2828.0,"North Indian, BBQ, Kebab","Door 10-50-12, 4th Floor, Marks And Spencer Building, Waltair Road, Near Governer Bunglow, Siripuram, Vizag",visakhapatnam,/visakhapatnam/barbeque-nation-siripuram-vizag/info,https://b.zmtcdn.com/data/pictures/5/20440935/9e1e06299826f8a2293eef659a699c43_featured_v2.jpg
The Spicy Venue,4.4,24.0,"Biryani, North Indian, Indo-Chinese","9-30-2/1, Balaji Nagar, Siripuram, Vizag",visakhapatnam,/visakhapatnam/the-spicy-venue-siripuram-vizag/info,https://b.zmtcdn.com/data/pictures/0/2801690/637c1007a4b797c5218e45e6d319fb92_featured_v2.jpg
AB's - Absolute Barbecues,4.0,8744.0,"North Indian, BBQ, Biryani","4th Floor, Plot 244A, Dwaraka Nagar, Vizag",visakhapatnam,/visakhapatnam/abs-absolute-barbecues-dwaraka-nagar-vizag/info,https://b.zmtcdn.com/data/pictures/0/18837140/96fcd4337f129b534c0b3892ad71b7d4_featured_v2.jpg
Mekong - Hotel GreenPark,4.6,2046.0,"Beverages, Desserts, Chinese","Hotel GreenPark, Waltair Main Road, Waltair Uplands, Vizag",visakhapatnam,/visakhapatnam/mekong-hotel-greenpark-waltair-uplands-vizag/info,https://b.zmtcdn.com/data/pictures/3/2800903/ada4a6d1d0cf967e8d1a478a92c1718b_featured_v2.jpg
Angrezi Dhaba,4.1,238.0,North Indian,"First Floor, Plot -967, Holding No. 1226/631/374, Rahman Complex, EXHIBITION ROAD,Ward No 18, Near Hotel Gargee Grand, under Circle No-06,, Patna Sadar, Patna, Bihar-800001, Bihar",patna,/patna/angrezi-dhaba-golambar/info,https://b.zmtcdn.com/data/pictures/6/22347126/de47a1e3939c5370857b88d6b022a48a_o2_featured_v2.jpg
The Delhi Story,4.2,735.0,"North Indian, Chinese, Pasta","2nd floor, City Centre Mall, Christian Colony, Chajju Bagh, Near Afra, Lodipur, Patna",patna,/patna/the-delhi-story-lodipur/info,https://b.zmtcdn.com/data/pictures/8/22403738/721ba37ff12613b320e4177e91be86bc_o2_featured_v2.jpg
Lumea Cafe Restaurant Banquet,4.1,235.0,"North Indian, Fast Food, Biryani","Ground Floor, Hytec Arcades, Rajendra Path, Fraser Road Area, Patna",patna,/patna/lumea-cafe-restaurant-banquet-fraser-road-area/info,https://b.zmtcdn.com/data/pictures/6/22729546/290cdb14-0a95-4ad7-a422-1e377b33828f_o2_featured_v2.png
7Stories,4.4,1373.0,"Chinese, Kebab, North Indian","MIG-03, Roof Top 5th Floor, Maa Kausaliya Grand, Kankarbagh, Patna",patna,/patna/7stories-kankarbagh/info,https://b.zmtcdn.com/data/pictures/5/22411715/8fc8b5070d266246de26f97a6f0e80e2_o2_featured_v2.jpg
Alpine Restaurant And Rooftop,3.9,725.0,"Chinese, Biryani, North Indian","1st Floor, Meera Complex, PC Colony, Near Chandan Automobile, Kankarbagh, Patna",patna,/patna/alpine-restaurant-and-rooftop-kankarbagh/info,https://b.zmtcdn.com/data/pictures/6/22215096/a11fd58d7742967760446db9688efb0f_featured_v2.jpg
Chilli Lime,4.6,1078.0,"North Indian, Chinese, Biryani","A/1, P.C. Colony, Near Chandan Hero Showroom, Kankarbagh, Patna",patna,/patna/chilli-lime-1-kankarbagh/info,https://b.zmtcdn.com/data/pictures/2/21642752/636c40b3c56f7d0479c9a870366b3b5a_featured_v2.jpg
Moti Mahal Delux Tandoori Trail,4.2,6413.0,"North Indian, Chinese, Salad","First Floor, S.S. Tower, M.I.G. Plot No.-S-373A, Lohiya Nagar, Kankarbagh, Patna",patna,/patna/moti-mahal-delux-tandoori-trail-1-kankarbagh/info,https://b.zmtcdn.com/data/pictures/8/20317308/7f148915a52e4121dcaabacf90fded80_featured_v2.jpg
Cafe 13,4.2,3731.0,"Chinese, Cafe, Coffee","1st Floor, Surya Crystal, Opposite Karlo Automobiles, Boring Road, Kidwaipuri, Patna",patna,/patna/cafe-13-kidwaipuri/info,https://b.zmtcdn.com/data/pictures/4/19098454/237075874457ccebc9b1c4f25f91a886_featured_v2.jpg
Heden Cafe,4.3,2061.0,"Chinese, Kebab, North Indian","2nd Floor, Circle 249, Ward 21, Opposite Looks salon, Boring Road, Sri Krishnapuri, Patna",patna,/patna/heden-cafe-sri-krishnapuri/info,https://b.zmtcdn.com/data/pictures/4/21645444/062423a4cfb3f9ac790dc089ad6ec589_featured_v2.jpg
Zaigon,4.2,95.0,"Korean, Sushi, Asian","10, Ground Floor, Saffron Complex, Opposite Camps Corner, Fatehgunj, Vadodara",vadodara,/vadodara/zaigon-fatehgunj/info,https://b.zmtcdn.com/data/pictures/6/22641536/edbfc5da35d68ce8bf527656528f0d86_o2_featured_v2.jpg
Spice Nation,4.3,39.0,"North Indian, Chinese, Continental","Saujanya Society, Teen Rasta, Opposite Bhavans School, Makarpura Road, Manjalpur, Vadodara",vadodara,/vadodara/spice-nation-manjalpur/info,https://b.zmtcdn.com/data/pictures/8/3200448/a96f1b16f92eb5b6b000177da32b8070_featured_v2.jpg
Zoca Diner,4.1,939.0,"North Indian, Chinese, Fast Food","19-20, First Floor, Neptune Trion, Sarabhai Campus, Subhanpura, Near Courtyard Marriott, Subhanpura, Vadodara",vadodara,/vadodara/zoca-diner-subhanpura/info,https://b.zmtcdn.com/data/pictures/2/21746462/77d0dc36f65bb66f958480fde6039b43_featured_v2.jpg
The Brewery,4.0,2186.0,"Pizza, Cafe, Desserts","R-1, Museum Square, Alembic Road, Gorwa, Vadodara",vadodara,/vadodara/the-brewery-gorwa/info,https://b.zmtcdn.com/data/pictures/1/20711721/edbe6b2858340b18eecdb8708723da82_featured_v2.jpg
The House Of Makeba ,4.3,606.0,"North Indian, Italian","Ground & First Floor, Arun Complex, near CH Jewellers, near Old HDFC Bank, Aradhana Society, Alkapuri, Vadodara",vadodara,/vadodara/the-house-of-makeba-alkapuri/info,https://b.zmtcdn.com/data/pictures/5/21973075/503ebb453efff91323e74532dd17cf21_featured_v2.jpg
Thyme & Whisk,4.1,4684.0,"Continental, Salad, Mexican","Shop 3, Ground Floor, Emerald Building, Chakli Circle, Race Course Road, Vadiwadi, Vadodara",vadodara,/vadodara/thyme-whisk-vadiwadi/info,https://b.zmtcdn.com/data/pictures/2/3202122/be2260d0586236a0f5e0f00b74602992_featured_v2.jpg
The Table At Splatter,4.2,1699.0,"Cafe, Coffee, Shake","Anand Nagar, Haripura, Opposite Navjivan Nursing Home, Productivity Road, Alkapuri, Vadodara",vadodara,/vadodara/the-table-at-splatter-alkapuri/info,https://b.zmtcdn.com/data/pictures/2/20109452/5590ecee52d8f363484ea70ab47664c9_o2_featured_v2.jpg
After Dunes Cafe,4.4,169.0,"Beverages, Desserts, Salad","FF-105,106 NEPTUNE TRION, ALEMBIC GORWA ROAD, Gujarat",vadodara,/vadodara/after-dunes-cafe-2-alkapuri/info,https://b.zmtcdn.com/data/pictures/0/22504080/e84e3cb5a347c92c05cb3a10f715fabe_o2_featured_v2.jpg
Soul Affair,4.4,1594.0,"Salad, Continental, Mexican","Top Floor, 1-5, Sharnam Fortune, Race Course Road, Vadiwadi, Vadodara",vadodara,/vadodara/soul-affair-vadiwadi/info,https://b.zmtcdn.com/data/pictures/4/19245184/0e0fd5b2fdd9c609cc3ac89d49366241_featured_v2.jpg
Dialogue Cafe,4.3,1271.0,"Cafe, Continental, Mexican","SCO -301-302, Himalaya Marg, Sector 35, Chandigarh",chandigarh,/chandigarh/dialogue-cafe-sector-35/info,https://b.zmtcdn.com/data/pictures/4/18997274/10f499b920185d5bed1ea8a53c0c89e7_o2_featured_v2.jpg
The Coffee Bean & Tea Leaf,4.3,6565.0,"Cafe, Tea, Beverages","Himalaya Marg, Sector 22 C, Near Sector 22, Chandigarh",chandigarh,/chandigarh/the-coffee-bean-tea-leaf-sector-22/info,https://b.zmtcdn.com/data/pictures/chains/4/120934/eaa7e5c9b2e1964315279fc48f396339_featured_v2.jpg
Woodhouse Cafe,4.0,28.0,"Chinese, Continental, Pizza","SCO 10 D, Backside Entry, Sector 10, Chandigarh",chandigarh,/chandigarh/woodhouse-cafe-sector-10/info,https://b.zmtcdn.com/data/pictures/2/22440272/8fd8e89a0875c880c5ef991a565802e0_o2_featured_v2.jpg
Tulum Rooftop Bar & Kitchen,3.1,677.0,"Continental, Mexican, Pizza","The Toy Hotel, SCO 165-167, Sector 34 A, Sector 34, Chandigarh",chandigarh,/chandigarh/tulum-rooftop-bar-kitchen-sector-34/info,https://b.zmtcdn.com/data/pictures/5/19584185/ea11d6d83887af2a974d009f20c142f5_featured_v2.jpg
The G.T. Road,4.3,1695.0,"North Indian, Mughlai, Desserts","SCO 12, Madhya Marg, Sector 26, Chandigarh",chandigarh,/chandigarh/the-g-t-road-sector-26/info,https://b.zmtcdn.com/data/pictures/9/18812819/730cef3e8f9e15eb8b265c05a57f9ffe_o2_featured_v2.jpg
Victoria's Boutique Café,4.0,34.0,"Cafe, Coffee, Beverages","Shop 37, Block 8, Inner Market, Sector 8, Chandigarh.",chandigarh,/chandigarh/victorias-boutique-café-sector-8/info,https://b.zmtcdn.com/data/pictures/6/20992406/d6813b8abc9af335eea9b2ac0e536ef0_featured_v2.jpg
Cafe Cake Delights,4.2,2829.0,"Bakery, North Indian, Continental","SCO 487/488, Sector 35, Chandigarh",chandigarh,/chandigarh/cafe-cake-delights-sector-35/info,https://b.zmtcdn.com/data/pictures/4/21271874/6b127a4c36679c95ccf952f57473dd4d_featured_v2.jpg
Diablo,4.3,251.0,"European, Turkish","Plot 216, Steel Market, Sector 29D, Chandigarh Industrial Area, Chandigarh",chandigarh,/chandigarh/diablo-chandigarh-industrial-area/info,https://b.zmtcdn.com/data/pictures/5/21732195/b4aee222fedd081b8510020a1517cbc2_featured_v2.jpg
KOMO HOUSE,4.2,395.0,"North Indian, Chinese, Japanese","Ground Floor, SCO 40 backside, Madhya Marg, Sector 7, Chandigarh",chandigarh,/chandigarh/komo-house-sector-7/info,https://b.zmtcdn.com/data/pictures/9/22470049/4410d74fb62c504a48b3705e212d069a_o2_featured_v2.jpg
The Afghan Grill - The Residency Hotel,4.0,404.0,"North Indian, South Indian, Mughlai","1076, The Residency, Avinashi Rd, Race Course, Coimbatore",coimbatore,/coimbatore/the-afghan-grill-the-residency-hotel-race-course/info,https://b.zmtcdn.com/data/pictures/7/3000007/b0138adeb4b5d89dcf151072bf69ca4b_featured_v2.jpg
Chin Chin - The Residency Hotel,4.2,517.0,"Chinese, Japanese, Asian","1075/1076, Avinashi Road, Race Course, Coimbatore",coimbatore,/coimbatore/chin-chin-the-residency-hotel-race-course/info,https://b.zmtcdn.com/data/pictures/4/3000004/ad3d98c4db1ee82a90291cb9d4ea6383_featured_v2.jpg
The Cavern @312,4.2,822.0,"Chinese, Italian, Asian","312, New Siddhapudur, Bharathiyar Road, Gandhipuram, Coimbatore",coimbatore,/coimbatore/the-cavern-@312-gandhipuram/info,https://b.zmtcdn.com/data/pictures/9/19319589/043f173526e0d4f3f3cf86bf00f65729_o2_featured_v2.jpg
Rajapalayam  Anandas,4.3,438.0,"South Indian, Biryani","48/1, 48/2, Ground Floor, Avarampalayam, Ward-28, North Zone, Navaindia Road, Lakshmi Mills, Coimbatore",coimbatore,/coimbatore/rajapalayam-anandas-lakshmi-mills/info,https://b.zmtcdn.com/data/pictures/9/22334599/d158299fd88ec3f0e2f66a9624f2a8c5_o2_featured_v2.jpg
Put Kadalai,4.3,63.0,"Cafe, Continental, Juices","Thirugnanasambandam Road, Race Course, Coimbatore",coimbatore,/coimbatore/put-kadalai-1-race-course/info,https://b.zmtcdn.com/images/res_avatar_476_320_1x_new.png
ZEN Lounge & Kitchen,4.0,18.0,"Chinese, North Indian, Pizza","Nava India, Lakshmi Mills, Coimbatore",coimbatore,/coimbatore/zen-lounge-kitchen-lakshmi-mills/info,https://b.zmtcdn.com/images/res_avatar_476_320_1x_new.png
Wok N Knife,4.0,119.0,"Thai, Chinese, Beverages","405, Ramasamy Street, Ward 12, N.S. R Road, Saibaba Colony, Coimbatore",coimbatore,/coimbatore/wok-n-knife-saibaba-colony/info,https://b.zmtcdn.com/data/pictures/8/22449778/7df096784b0b87543bb6ea5f5e905d9b_o2_featured_v2.jpg
Beyond The Stories,4.5,714.0,"North Indian, South Indian, Asian","173/C, NSR Main Road, Saibaba Colony, Coimbatore",coimbatore,/coimbatore/beyond-the-stories-saibaba-colony/info,https://b.zmtcdn.com/data/pictures/1/21861221/876b1a533fbbb1be7fc550b7dfd525e9_featured_v2.jpg
Hattan,4.4,345.0,"North Indian, South Indian","43, Poppys Tower, Opposite Collector Bungalow, Race Course Road, Race Course, Coimbatore",coimbatore,/coimbatore/hattan-race-course/info,https://b.zmtcdn.com/data/pictures/8/18755748/bb928a47c44beadbb8fccc4cfbce7122_featured_v2.jpg
Elevate Resto - Travancore Court,4.3,60.0,"North Indian, South Indian, Chinese","Travancore Court, Warriam Road, Pallimukku, Kochi",kochi,/kochi/elevate-resto-travancore-court-pallimukku/info,https://b.zmtcdn.com/data/pictures/6/19324086/1c2bd2d03f9848e111e7c05e84b729b0_o2_featured_v2.jpg
Cafe Itallo,4.5,2265.0,"Cafe, Coffee, Italian","38/596 B, Rahul Tower, SA Road, Panampilly Nagar, Kochi",kochi,/kochi/cafe-itallo-panampilly-nagar/info,https://b.zmtcdn.com/data/pictures/2/21066322/7d6ee22591b4cee9dba157bbf929119a_featured_v2.jpg
Latest Recipe - Le Méridien Kochi,4.3,2658.0,"North Indian, Continental, Chinese","Le Méridien, Nettoor, Marad, Kochi",kochi,/kochi/latest-recipe-le-méridien-kochi-marad/info,https://b.zmtcdn.com/data/pictures/6/95426/4a987c1062bcacafb0b41923529a8036_featured_v2.jpg
Roastown,4.5,1141.0,"Asian, Italian, Burger","37/3469-A1, A2, A3, Old Cheranallur Road, Edappally, Kochi",kochi,/kochi/roastown-edappally/info,https://b.zmtcdn.com/data/pictures/7/20853217/aa429c3fc5e29d584608d50b841ad04d_o2_featured_v2.jpg
Tharavadu Multi Cuisine Restaurant Casino Hotel,4.4,862.0,"Kerala, North Indian, Continental","Casino Hotel, KPK Menon Rd, Willingdon Island, Kochi",kochi,/kochi/tharavadu-multi-cuisine-restaurant-casino-hotel-willingdon-island/info,https://b.zmtcdn.com/data/pictures/9/95409/53cda1e34b8e79ba3411f4e9cafe38a4_featured_v2.jpg
Masala - Holiday Inn Cochin,4.2,356.0,"Kerala, Chinese, Italian","Holiday Inn, 33/1739 A, NH Bypass Road, Vennala, Kochi",kochi,/kochi/masala-holiday-inn-cochin-vennala/info,https://b.zmtcdn.com/data/pictures/8/95418/b29d28f7b056d06cb0898f78ee27468a_featured_v2.jpg
Westleys Restocafe,4.3,5906.0,"Cafe, Coffee, Continental","34/1864-C38/2535, Metro Pillar 481, Opposite to ARC Fertility Clinic, Mamangalam, Kalliyath Building, Palarivattom, Kochi",kochi,/kochi/westleys-restocafe-palarivattom/info,https://b.zmtcdn.com/data/pictures/9/901159/75ce5aafca8a511575553e63717a0890_featured_v2.jpg
Fort House Restaurant,4.5,627.0,"Seafood, Kerala, Fast Food","2/6-A, Calvathy Road, Fort Kochi, Kochi",kochi,/kochi/fort-house-restaurant-fort-kochi/info,https://b.zmtcdn.com/data/pictures/1/95271/d2f87170b003cd7f5e9ec6c3afb83089_featured_v2.jpg
TOT - Talk Of The Town,4.3,374.0,"Continental, North Indian, South Indian","38/4016B, Ground Floor, Shahi Complex, Metro Pillar 482, Edappally, Kochi",kochi,/kochi/tot-talk-of-the-town-edappally/info,https://b.zmtcdn.com/data/pictures/0/21824940/e4ee178f468abab41fe83fbe6500eae7_o2_featured_v2.jpg
